
{
  "header": {
    "reportVersion": 1,
    "event": "Allocation failed - JavaScript heap out of memory",
    "trigger": "FatalError",
    "filename": "report.20200320.090430.12096.0.001.json",
    "dumpEventTime": "2020-03-20T09:04:30Z",
    "dumpEventTimeStamp": "1584675270975",
    "processId": 12096,
    "cwd": "C:\\Users\\user\\Documents\\madhu\\project",
    "commandLine": [
      "node",
      "main.js"
    ],
    "nodejsVersion": "v12.16.1",
    "wordSize": 64,
    "arch": "x64",
    "platform": "win32",
    "componentVersions": {
      "node": "12.16.1",
      "v8": "7.8.279.23-node.31",
      "uv": "1.34.0",
      "zlib": "1.2.11",
      "brotli": "1.0.7",
      "ares": "1.15.0",
      "modules": "72",
      "nghttp2": "1.40.0",
      "napi": "5",
      "llhttp": "2.0.4",
      "http_parser": "2.9.3",
      "openssl": "1.1.1d",
      "cldr": "35.1",
      "icu": "64.2",
      "tz": "2019c",
      "unicode": "12.1"
    },
    "release": {
      "name": "node",
      "lts": "Erbium",
      "headersUrl": "https://nodejs.org/download/release/v12.16.1/node-v12.16.1-headers.tar.gz",
      "sourceUrl": "https://nodejs.org/download/release/v12.16.1/node-v12.16.1.tar.gz",
      "libUrl": "https://nodejs.org/download/release/v12.16.1/win-x64/node.lib"
    },
    "osName": "Windows_NT",
    "osRelease": "10.0.18362",
    "osVersion": "Windows 10 Pro",
    "osMachine": "x86_64",
    "cpus": [
      {
        "model": "Intel(R) Core(TM) i5-7200U CPU @ 2.50GHz",
        "speed": 2712,
        "user": 642906,
        "nice": 0,
        "sys": 955015,
        "idle": 8402906,
        "irq": 113421
      },
      {
        "model": "Intel(R) Core(TM) i5-7200U CPU @ 2.50GHz",
        "speed": 2712,
        "user": 579765,
        "nice": 0,
        "sys": 797046,
        "idle": 8623843,
        "irq": 17250
      },
      {
        "model": "Intel(R) Core(TM) i5-7200U CPU @ 2.50GHz",
        "speed": 2712,
        "user": 687843,
        "nice": 0,
        "sys": 856687,
        "idle": 8456125,
        "irq": 8281
      },
      {
        "model": "Intel(R) Core(TM) i5-7200U CPU @ 2.50GHz",
        "speed": 2712,
        "user": 637296,
        "nice": 0,
        "sys": 759359,
        "idle": 8604000,
        "irq": 5265
      }
    ],
    "networkInterfaces": [
      {
        "name": "Loopback Pseudo-Interface 1",
        "internal": true,
        "mac": "00:00:00:00:00:00",
        "address": "::1",
        "netmask": "ffff:ffff:ffff:ffff:ffff:ffff:ffff:ffff",
        "family": "IPv6",
        "scopeid": 0
      },
      {
        "name": "Loopback Pseudo-Interface 1",
        "internal": true,
        "mac": "00:00:00:00:00:00",
        "address": "127.0.0.1",
        "netmask": "255.0.0.0",
        "family": "IPv4"
      }
    ],
    "host": "DESKTOP-NHHICK4"
  },
  "javascriptStack": {
    "message": "No stack.",
    "stack": [
      "Unavailable."
    ]
  },
  "nativeStack": [
    {
      "pc": "0x00007ff7efa619f9",
      "symbol": ""
    },
    {
      "pc": "0x00007ff7efa65e1c",
      "symbol": ""
    },
    {
      "pc": "0x00007ff7efa64dd8",
      "symbol": ""
    },
    {
      "pc": "0x00007ff7efb634cb",
      "symbol": ""
    },
    {
      "pc": "0x00007ff7f0379f4e",
      "symbol": ""
    },
    {
      "pc": "0x00007ff7f0362021",
      "symbol": ""
    },
    {
      "pc": "0x00007ff7f022e57c",
      "symbol": ""
    },
    {
      "pc": "0x00007ff7f0236521",
      "symbol": ""
    },
    {
      "pc": "0x00007ff7f022bb13",
      "symbol": ""
    },
    {
      "pc": "0x00007ff7f022a184",
      "symbol": ""
    },
    {
      "pc": "0x00007ff7f024b36d",
      "symbol": ""
    },
    {
      "pc": "0x00007ff7effb0c51",
      "symbol": ""
    },
    {
      "pc": "0x00007ff7f07c4ddd",
      "symbol": ""
    },
    {
      "pc": "0x00007ff7f082f8b8",
      "symbol": ""
    },
    {
      "pc": "0x00007ff7f0749d8c",
      "symbol": ""
    },
    {
      "pc": "0x00007ff7f07430bc",
      "symbol": ""
    },
    {
      "pc": "0x00007ff7f0749d8c",
      "symbol": ""
    },
    {
      "pc": "0x00007ff7f0749d8c",
      "symbol": ""
    },
    {
      "pc": "0x00007ff7f0749d8c",
      "symbol": ""
    },
    {
      "pc": "0x00007ff7f0749d8c",
      "symbol": ""
    },
    {
      "pc": "0x00007ff7f0749d8c",
      "symbol": ""
    },
    {
      "pc": "0x00007ff7f0749d8c",
      "symbol": ""
    },
    {
      "pc": "0x00007ff7f0749d8c",
      "symbol": ""
    },
    {
      "pc": "0x00007ff7f0749d8c",
      "symbol": ""
    },
    {
      "pc": "0x00007ff7f0749d8c",
      "symbol": ""
    },
    {
      "pc": "0x00007ff7f0749d8c",
      "symbol": ""
    },
    {
      "pc": "0x00007ff7f0749d8c",
      "symbol": ""
    },
    {
      "pc": "0x00007ff7f0749d8c",
      "symbol": ""
    },
    {
      "pc": "0x00007ff7f0749d8c",
      "symbol": ""
    },
    {
      "pc": "0x00007ff7f07472c1",
      "symbol": ""
    },
    {
      "pc": "0x00007ff7f0746eac",
      "symbol": ""
    },
    {
      "pc": "0x00007ff7f0287c33",
      "symbol": ""
    },
    {
      "pc": "0x00007ff7f02875b6",
      "symbol": ""
    },
    {
      "pc": "0x00007ff7f035862d",
      "symbol": ""
    },
    {
      "pc": "0x00007ff7efbbdf1b",
      "symbol": ""
    },
    {
      "pc": "0x00007ff7efc0ff44",
      "symbol": ""
    },
    {
      "pc": "0x00007ff7efc0c99c",
      "symbol": ""
    },
    {
      "pc": "0x00007ff7efb2ad43",
      "symbol": ""
    },
    {
      "pc": "0x00007ff7efb8a3d3",
      "symbol": ""
    },
    {
      "pc": "0x00007ff7efa367ac",
      "symbol": ""
    },
    {
      "pc": "0x00007ff7f087be08",
      "symbol": ""
    },
    {
      "pc": "0x00007fffb5c87bd4",
      "symbol": "BaseThreadInitThunk+20"
    },
    {
      "pc": "0x00007fffb714ced1",
      "symbol": ""
    }
  ],
  "javascriptHeap": {
    "totalMemory": 16326656,
    "totalCommittedMemory": 16326656,
    "usedMemory": 15169456,
    "availableMemory": 2183134776,
    "memoryLimit": 2197815296,
    "heapSpaces": {
      "read_only_space": {
        "memorySize": 262144,
        "committedMemory": 262144,
        "capacity": 32808,
        "used": 32808,
        "available": 0
      },
      "new_space": {
        "memorySize": 1048576,
        "committedMemory": 1048576,
        "capacity": 1047456,
        "used": 1047416,
        "available": 40
      },
      "old_space": {
        "memorySize": 10895360,
        "committedMemory": 10895360,
        "capacity": 10768600,
        "used": 10366624,
        "available": 401976
      },
      "code_space": {
        "memorySize": 430080,
        "committedMemory": 430080,
        "capacity": 320256,
        "used": 308736,
        "available": 11520
      },
      "map_space": {
        "memorySize": 790528,
        "committedMemory": 790528,
        "capacity": 789304,
        "used": 604160,
        "available": 185144
      },
      "large_object_space": {
        "memorySize": 2850816,
        "committedMemory": 2850816,
        "capacity": 2806928,
        "used": 2806928,
        "available": 0
      },
      "code_large_object_space": {
        "memorySize": 49152,
        "committedMemory": 49152,
        "capacity": 2784,
        "used": 2784,
        "available": 0
      },
      "new_large_object_space": {
        "memorySize": 0,
        "committedMemory": 0,
        "capacity": 1047456,
        "used": 0,
        "available": 1047456
      }
    }
  },
  "resourceUsage": {
    "userCpuSeconds": 1,
    "kernelCpuSeconds": 0.265,
    "cpuConsumptionPercent": 0.061378,
    "maxRss": 50872320,
    "pageFaults": {
      "IORequired": 19624,
      "IONotRequired": 0
    },
    "fsActivity": {
      "reads": 629,
      "writes": 5
    }
  },
  "libuv": [
  ],
  "environmentVariables": {
    "=::": "::\\",
    "=C:": "C:\\Users\\user\\Documents\\madhu\\project",
    "ALLUSERSPROFILE": "C:\\ProgramData",
    "ANDROID_SDK_HOME": "C:\\Android",
    "APPDATA": "C:\\Users\\user\\AppData\\Roaming",
    "CommonProgramFiles": "C:\\Program Files\\Common Files",
    "CommonProgramFiles(x86)": "C:\\Program Files (x86)\\Common Files",
    "CommonProgramW6432": "C:\\Program Files\\Common Files",
    "COMPUTERNAME": "DESKTOP-NHHICK4",
    "ComSpec": "C:\\WINDOWS\\system32\\cmd.exe",
    "DriverData": "C:\\Windows\\System32\\Drivers\\DriverData",
    "FPS_BROWSER_APP_PROFILE_STRING": "Internet Explorer",
    "FPS_BROWSER_USER_PROFILE_STRING": "Default",
    "GOOGLE_API_KEY": "no",
    "GOOGLE_DEFAULT_CLIENT_ID": "no",
    "GOOGLE_DEFAULT_CLIENT_SECRET": "no",
    "HOMEDRIVE": "C:",
    "HOMEPATH": "\\Users\\user",
    "LOCALAPPDATA": "C:\\Users\\user\\AppData\\Local",
    "LOGONSERVER": "\\\\DESKTOP-NHHICK4",
    "NUMBER_OF_PROCESSORS": "4",
    "OneDrive": "C:\\Users\\user\\OneDrive",
    "OS": "Windows_NT",
    "Path": "C:\\WINDOWS\\system32;C:\\WINDOWS;C:\\WINDOWS\\System32\\Wbem;C:\\WINDOWS\\System32\\WindowsPowerShell\\v1.0\\;C:\\WINDOWS\\System32\\OpenSSH\\;C:\\Android;C:\\Windows\\System32;C:\\Program Files\\nodejs\\;C:\\Users\\user\\AppData\\Local\\Microsoft\\WindowsApps;C:\\Users\\user\\AppData\\Roaming\\npm",
    "PATHEXT": ".COM;.EXE;.BAT;.CMD;.VBS;.VBE;.JS;.JSE;.WSF;.WSH;.MSC",
    "PROCESSOR_ARCHITECTURE": "AMD64",
    "PROCESSOR_IDENTIFIER": "Intel64 Family 6 Model 142 Stepping 9, GenuineIntel",
    "PROCESSOR_LEVEL": "6",
    "PROCESSOR_REVISION": "8e09",
    "ProgramData": "C:\\ProgramData",
    "ProgramFiles": "C:\\Program Files",
    "ProgramFiles(x86)": "C:\\Program Files (x86)",
    "ProgramW6432": "C:\\Program Files",
    "PROMPT": "$P$G",
    "PSModulePath": "C:\\Program Files\\WindowsPowerShell\\Modules;C:\\WINDOWS\\system32\\WindowsPowerShell\\v1.0\\Modules",
    "PUBLIC": "C:\\Users\\Public",
    "SESSIONNAME": "Console",
    "SystemDrive": "C:",
    "SystemRoot": "C:\\WINDOWS",
    "TEMP": "C:\\Users\\user\\AppData\\Local\\Temp",
    "TMP": "C:\\Users\\user\\AppData\\Local\\Temp",
    "USERDOMAIN": "DESKTOP-NHHICK4",
    "USERDOMAIN_ROAMINGPROFILE": "DESKTOP-NHHICK4",
    "USERNAME": "user",
    "USERPROFILE": "C:\\Users\\user",
    "windir": "C:\\WINDOWS"
  },
  "sharedObjects": [
    "C:\\Program Files\\nodejs\\node.exe",
    "C:\\WINDOWS\\SYSTEM32\\ntdll.dll",
    "C:\\WINDOWS\\System32\\KERNEL32.DLL",
    "C:\\WINDOWS\\System32\\KERNELBASE.dll",
    "C:\\WINDOWS\\System32\\WS2_32.dll",
    "C:\\WINDOWS\\System32\\RPCRT4.dll",
    "C:\\WINDOWS\\SYSTEM32\\dbghelp.dll",
    "C:\\WINDOWS\\System32\\PSAPI.DLL",
    "C:\\WINDOWS\\System32\\ucrtbase.dll",
    "C:\\WINDOWS\\System32\\ADVAPI32.dll",
    "C:\\WINDOWS\\System32\\msvcrt.dll",
    "C:\\WINDOWS\\System32\\sechost.dll",
    "C:\\WINDOWS\\SYSTEM32\\USERENV.dll",
    "C:\\WINDOWS\\SYSTEM32\\IPHLPAPI.DLL",
    "C:\\WINDOWS\\System32\\USER32.dll",
    "C:\\WINDOWS\\System32\\profapi.dll",
    "C:\\WINDOWS\\System32\\win32u.dll",
    "C:\\WINDOWS\\System32\\GDI32.dll",
    "C:\\WINDOWS\\System32\\gdi32full.dll",
    "C:\\WINDOWS\\System32\\msvcp_win.dll",
    "C:\\WINDOWS\\System32\\CRYPT32.dll",
    "C:\\WINDOWS\\System32\\MSASN1.dll",
    "C:\\WINDOWS\\System32\\bcrypt.dll",
    "C:\\WINDOWS\\SYSTEM32\\WINMM.dll",
    "C:\\WINDOWS\\SYSTEM32\\WINMMBASE.dll",
    "C:\\WINDOWS\\System32\\cfgmgr32.dll",
    "C:\\WINDOWS\\System32\\bcryptPrimitives.dll",
    "C:\\WINDOWS\\System32\\IMM32.DLL",
    "C:\\WINDOWS\\System32\\powrprof.dll",
    "C:\\WINDOWS\\System32\\UMPDC.dll",
    "C:\\WINDOWS\\SYSTEM32\\CRYPTBASE.DLL",
    "C:\\WINDOWS\\system32\\uxtheme.dll",
    "C:\\WINDOWS\\System32\\combase.dll",
    "C:\\WINDOWS\\system32\\mswsock.dll",
    "C:\\WINDOWS\\System32\\kernel.appcore.dll",
    "C:\\WINDOWS\\System32\\NSI.dll",
    "C:\\WINDOWS\\SYSTEM32\\dhcpcsvc6.DLL",
    "C:\\WINDOWS\\SYSTEM32\\dhcpcsvc.DLL",
    "C:\\WINDOWS\\SYSTEM32\\DNSAPI.dll",
    "C:\\WINDOWS\\system32\\napinsp.dll",
    "C:\\WINDOWS\\system32\\pnrpnsp.dll",
    "C:\\WINDOWS\\System32\\winrnr.dll",
    "C:\\WINDOWS\\system32\\NLAapi.dll",
    "C:\\WINDOWS\\system32\\wshbth.dll",
    "C:\\Windows\\System32\\rasadhlp.dll",
    "C:\\WINDOWS\\System32\\fwpuclnt.dll"
  ]
}